txn_id,txn_date,customer_id,product_id,quantity,age,gender,product_name,category_x,base_price,category_y,avg_rating,txn_timestamp
T000001,2025-12-11,CUST001,P00245,0.0,0.813953488372093,2,Thums Up Orange Juice,Cold Drinks & Juices,0.047976011994003,Cold Drinks & Juices,0.7058823529411764,0.33333333333325754
T000002,2025-12-11,CUST001,P00748,0.0,0.813953488372093,2,Pepsodent Dental Floss,Oral Care,0.1934032983508246,Oral Care,0.4117647058823526,0.33333333333325754
T000003,2025-12-11,CUST001,P00621,0.0,0.813953488372093,2,Bru Green Tea,Tea & Coffee,0.7346326836581709,Tea & Coffee,0.529411764705882,0.33333333333325754
T000004,2025-12-11,CUST001,P00139,0.6666666666666667,0.813953488372093,2,Amul White Eggs,Dairy & Eggs,0.25487256371814093,Dairy & Eggs,0.23529411764705865,0.33333333333325754
T000005,2025-12-11,CUST001,P00369,0.0,0.813953488372093,2,Sunfeast Roasted Peanuts,Snacks & Biscuits,0.09745127436281859,Snacks & Biscuits,0.47058823529411753,0.33333333333325754
T000006,2025-12-08,CUST001,P00964,0.6666666666666667,0.813953488372093,2,Closeup Toothpaste,Oral Care,0.2818590704647676,Oral Care,0.0588235294117645,0.2333333333333485
T000007,2025-12-08,CUST001,P00597,0.3333333333333333,0.813953488372093,2,Girnar Green Tea,Tea & Coffee,0.16191904047976013,Tea & Coffee,0.11764705882352922,0.2333333333333485
T000008,2025-12-26,CUST001,P00560,1.0,0.813953488372093,2,24 Mantra Chana Dal,"Atta, Rice & Dal",0.08395802098950525,"Atta, Rice & Dal",0.23529411764705865,0.8333333333332575
T000009,2025-12-02,CUST001,P00889,1.0,0.813953488372093,2,24 Mantra Urad Dal,"Atta, Rice & Dal",0.0734632683658171,"Atta, Rice & Dal",0.4117647058823526,0.03333333333330302
T000010,2025-12-02,CUST001,P00539,0.0,0.813953488372093,2,Aashirvaad Brown Rice,"Atta, Rice & Dal",0.335832083958021,"Atta, Rice & Dal",1.0000000000000002,0.03333333333330302
T000011,2025-12-12,CUST001,P00277,0.6666666666666667,0.813953488372093,2,FreshBasket Brinjal,Fruits & Vegetables,0.01649175412293853,Fruits & Vegetables,0.8235294117647054,0.36666666666667425
T000012,2025-12-10,CUST001,P00312,1.0,0.813953488372093,2,Organic India Orange,Fruits & Vegetables,0.191904047976012,Fruits & Vegetables,0.7647058823529409,0.2999999999999545
T000013,2025-12-10,CUST001,P00367,1.0,0.813953488372093,2,Fortune Coconut Oil,Edible Oils & Ghee,0.2353823088455772,Edible Oils & Ghee,0.529411764705882,0.2999999999999545
T000014,2025-12-15,CUST002,P00511,0.3333333333333333,0.7209302325581396,0,Dodla Ghee,Dairy & Eggs,0.3373313343328336,Dairy & Eggs,0.7647058823529409,0.466666666666697
T000015,2025-12-15,CUST002,P00740,1.0,0.7209302325581396,0,Bru Herbal Tea,Tea & Coffee,0.6821589205397302,Tea & Coffee,0.2941176470588236,0.466666666666697
T000016,2025-12-18,CUST002,P00553,1.0,0.7209302325581396,0,Amul Curd,Dairy & Eggs,0.01499250374812594,Dairy & Eggs,0.7058823529411764,0.566666666666606
T000017,2025-12-28,CUST003,P00104,0.6666666666666667,0.2790697674418604,2,Sunfeast Cookies,Snacks & Biscuits,0.23388305847076463,Snacks & Biscuits,0.7647058823529409,0.8999999999999773
T000018,2025-12-28,CUST003,P00295,1.0,0.2790697674418604,2,Closeup Toothbrush,Oral Care,0.23238380809595205,Oral Care,0.529411764705882,0.8999999999999773
T000019,2025-12-28,CUST003,P00483,0.6666666666666667,0.2790697674418604,2,Mars Milk Chocolate,Chocolates & Sweets,0.23238380809595205,Chocolates & Sweets,0.7058823529411764,0.8999999999999773
T000020,2025-12-28,CUST003,P00380,0.0,0.2790697674418604,2,Daawat Masoor Dal,"Atta, Rice & Dal",0.46026986506746626,"Atta, Rice & Dal",0.6470588235294115,0.8999999999999773
T000021,2025-12-28,CUST003,P00363,0.6666666666666667,0.2790697674418604,2,Pigeon Aluminium Foil,Kitchen Essentials,0.19640179910044978,Kitchen Essentials,0.0588235294117645,0.8999999999999773
T000022,2025-12-28,CUST003,P00329,0.0,0.2790697674418604,2,Sunfeast Marie Biscuits,Snacks & Biscuits,0.004497751124437781,Snacks & Biscuits,0.7058823529411764,0.8999999999999773
T000023,2025-12-28,CUST003,P00422,0.3333333333333333,0.2790697674418604,2,Continental Filter Coffee,Tea & Coffee,0.7526236881559221,Tea & Coffee,0.8823529411764703,0.8999999999999773
T000024,2025-12-04,CUST003,P00760,0.6666666666666667,0.2790697674418604,2,Fortune Atta,"Atta, Rice & Dal",0.17841079460269865,"Atta, Rice & Dal",0.529411764705882,0.10000000000002274
T000025,2025-12-04,CUST003,P00527,0.0,0.2790697674418604,2,Milky Mist White Eggs,Dairy & Eggs,0.03598200899550225,Dairy & Eggs,0.17647058823529416,0.10000000000002274
T000026,2025-12-04,CUST003,P00691,0.0,0.2790697674418604,2,Tropicana Fruit Juice,Cold Drinks & Juices,0.04347826086956522,Cold Drinks & Juices,0.11764705882352922,0.10000000000002274
T000027,2025-12-04,CUST003,P00376,0.6666666666666667,0.2790697674418604,2,Pears Body Wash,Bath & Body,0.08095952023988007,Bath & Body,0.47058823529411753,0.10000000000002274
T000028,2025-12-16,CUST004,P00290,0.3333333333333333,0.5116279069767442,1,Aavin Flavoured Milk,Dairy & Eggs,0.23838080959520241,Dairy & Eggs,0.2941176470588236,0.5
T000029,2025-12-16,CUST004,P00667,0.3333333333333333,0.5116279069767442,1,Real Mixed Fruit Juice,Cold Drinks & Juices,0.14842578710644677,Cold Drinks & Juices,0.0,0.5
T000030,2025-12-13,CUST004,P00216,0.3333333333333333,0.5116279069767442,1,Dodla Ghee,Dairy & Eggs,0.1004497751124438,Dairy & Eggs,0.9411764705882348,0.39999999999997726
T000031,2025-12-13,CUST004,P00656,0.3333333333333333,0.5116279069767442,1,Ariel Floor Cleaner,Cleaning & Laundry,0.6521739130434783,Cleaning & Laundry,0.47058823529411753,0.39999999999997726
T000032,2025-12-13,CUST004,P00610,0.0,0.5116279069767442,1,Lays Banana Chips,Snacks & Biscuits,0.17691154422788605,Snacks & Biscuits,0.6470588235294115,0.39999999999997726
T000033,2025-12-13,CUST004,P00017,0.6666666666666667,0.5116279069767442,1,Surf Excel Dishwash Liquid,Cleaning & Laundry,0.19640179910044978,Cleaning & Laundry,0.0588235294117645,0.39999999999997726
T000034,2025-12-13,CUST004,P00712,0.3333333333333333,0.5116279069767442,1,Heritage Paneer,Dairy & Eggs,0.20239880059970014,Dairy & Eggs,0.2941176470588236,0.39999999999997726
T000035,2025-12-31,CUST004,P00770,0.3333333333333333,0.5116279069767442,1,24 Mantra Sona Masoori Rice,"Atta, Rice & Dal",0.6101949025487257,"Atta, Rice & Dal",0.2941176470588236,1.0
T000036,2025-12-31,CUST004,P00933,1.0,0.5116279069767442,1,B Natural Mixed Fruit Juice,Cold Drinks & Juices,0.18590704647676162,Cold Drinks & Juices,0.7647058823529409,1.0
T000037,2025-12-31,CUST004,P00895,1.0,0.5116279069767442,1,Sprite Soft Drink,Cold Drinks & Juices,0.005997001499250379,Cold Drinks & Juices,0.23529411764705865,1.0
T000038,2025-12-31,CUST004,P00381,0.6666666666666667,0.5116279069767442,1,Tropicana Energy Drink,Cold Drinks & Juices,0.1904047976011994,Cold Drinks & Juices,0.23529411764705865,1.0
T000039,2025-12-30,CUST004,P00991,0.0,0.5116279069767442,1,Sundrop Olive Oil,Edible Oils & Ghee,0.41079460269865065,Edible Oils & Ghee,0.7058823529411764,0.966666666666697
T000040,2025-12-30,CUST004,P00320,0.6666666666666667,0.5116279069767442,1,Pepsodent Toothbrush,Oral Care,0.24137931034482757,Oral Care,0.8235294117647054,0.966666666666697
T000041,2025-12-30,CUST004,P00205,1.0,0.5116279069767442,1,India Gate Toor Dal,"Atta, Rice & Dal",0.33433283358320837,"Atta, Rice & Dal",0.47058823529411753,0.966666666666697
T000042,2025-12-20,CUST004,P00798,0.6666666666666667,0.5116279069767442,1,B Natural Fruit Juice,Cold Drinks & Juices,0.032983508245877056,Cold Drinks & Juices,0.9411764705882348,0.6333333333333258
T000043,2025-12-05,CUST005,P00973,0.3333333333333333,0.5116279069767442,1,Fiama Talcum Powder,Bath & Body,0.39280359820089955,Bath & Body,1.0000000000000002,0.13333333333332575
T000044,2025-12-05,CUST005,P00596,0.3333333333333333,0.5116279069767442,1,Santoor Body Lotion,Bath & Body,0.08695652173913043,Bath & Body,0.9411764705882348,0.13333333333332575
T000045,2025-12-05,CUST005,P00543,1.0,0.5116279069767442,1,Bru Herbal Tea,Tea & Coffee,0.22488755622188905,Tea & Coffee,0.0,0.13333333333332575
T000046,2025-12-05,CUST005,P00236,0.3333333333333333,0.5116279069767442,1,Dabur Red Electric Toothbrush,Oral Care,0.07496251874062967,Oral Care,0.11764705882352922,0.13333333333332575
T000047,2025-12-05,CUST005,P00588,0.0,0.5116279069767442,1,Continental Instant Coffee,Tea & Coffee,0.18290854572713644,Tea & Coffee,0.2941176470588236,0.13333333333332575
T000048,2025-12-05,CUST005,P00255,0.0,0.5116279069767442,1,Scotch-Brite Cling Wrap,Kitchen Essentials,0.10494752623688156,Kitchen Essentials,0.588235294117647,0.13333333333332575
T000049,2025-12-05,CUST005,P00640,0.0,0.5116279069767442,1,Daawat Sona Masoori Rice,"Atta, Rice & Dal",0.2638680659670165,"Atta, Rice & Dal",0.11764705882352922,0.13333333333332575
T000050,2025-12-05,CUST005,P00711,0.0,0.5116279069767442,1,Santoor Body Wash,Bath & Body,0.3118440779610195,Bath & Body,0.0,0.13333333333332575
T000051,2025-12-05,CUST005,P00493,0.6666666666666667,0.5116279069767442,1,Prestige Kitchen Towels,Kitchen Essentials,0.4062968515742129,Kitchen Essentials,0.7058823529411764,0.13333333333332575
T000052,2025-12-05,CUST005,P00090,0.0,0.5116279069767442,1,Wagh Bakri Tea Powder,Tea & Coffee,0.7031484257871065,Tea & Coffee,0.588235294117647,0.13333333333332575
T000053,2025-12-05,CUST005,P00171,0.6666666666666667,0.5116279069767442,1,Wagh Bakri Filter Coffee,Tea & Coffee,0.19640179910044978,Tea & Coffee,0.17647058823529416,0.13333333333332575
T000054,2025-12-05,CUST005,P00706,0.6666666666666667,0.5116279069767442,1,Milky Mist Cheese,Dairy & Eggs,0.33433283358320837,Dairy & Eggs,0.8235294117647054,0.13333333333332575
T000055,2025-12-05,CUST005,P00851,0.3333333333333333,0.5116279069767442,1,Sundrop Desi Ghee,Edible Oils & Ghee,0.6776611694152923,Edible Oils & Ghee,0.4117647058823526,0.13333333333332575
T000056,2025-12-05,CUST005,P00409,0.3333333333333333,0.5116279069767442,1,Fiama Conditioner,Bath & Body,0.21289355322338832,Bath & Body,0.23529411764705865,0.13333333333332575
T000057,2025-12-22,CUST005,P00528,1.0,0.5116279069767442,1,Nestle Dark Chocolate,Chocolates & Sweets,0.8185907046476761,Chocolates & Sweets,0.7647058823529409,0.6999999999999318
T000058,2025-12-22,CUST005,P00703,0.6666666666666667,0.5116279069767442,1,Coca-Cola Iced Tea,Cold Drinks & Juices,0.15442278860569716,Cold Drinks & Juices,0.2941176470588236,0.6999999999999318
T000059,2025-12-22,CUST005,P00387,0.0,0.5116279069767442,1,Saffola Desi Ghee,Edible Oils & Ghee,0.2623688155922039,Edible Oils & Ghee,0.47058823529411753,0.6999999999999318
T000060,2025-12-22,CUST005,P00319,0.6666666666666667,0.5116279069767442,1,Oral-B Mouthwash,Oral Care,0.08395802098950525,Oral Care,0.3529411764705881,0.6999999999999318
T000061,2025-12-19,CUST005,P00859,0.6666666666666667,0.5116279069767442,1,India Gate Moong Dal,"Atta, Rice & Dal",0.09595202398800601,"Atta, Rice & Dal",0.4117647058823526,0.6000000000000227
T000062,2025-12-19,CUST005,P00310,0.3333333333333333,0.5116279069767442,1,Ferrero Soan Papdi,Chocolates & Sweets,0.1934032983508246,Chocolates & Sweets,0.2941176470588236,0.6000000000000227
T000063,2025-12-19,CUST005,P00518,1.0,0.5116279069767442,1,Pigeon Cling Wrap,Kitchen Essentials,0.07496251874062967,Kitchen Essentials,0.9411764705882348,0.6000000000000227
T000064,2025-12-17,CUST005,P00819,1.0,0.5116279069767442,1,Paper Boat Orange Juice,Cold Drinks & Juices,0.052473763118440785,Cold Drinks & Juices,0.0588235294117645,0.533333333333303
T000065,2025-12-17,CUST005,P00703,0.0,0.5116279069767442,1,Coca-Cola Iced Tea,Cold Drinks & Juices,0.15442278860569716,Cold Drinks & Juices,0.2941176470588236,0.533333333333303
T000066,2025-12-17,CUST005,P00164,0.3333333333333333,0.5116279069767442,1,Tata Tea Herbal Tea,Tea & Coffee,0.2563718140929535,Tea & Coffee,0.47058823529411753,0.533333333333303
T000067,2025-12-17,CUST005,P00094,0.0,0.5116279069767442,1,Ferrero Dark Chocolate,Chocolates & Sweets,0.15892053973013492,Chocolates & Sweets,0.9411764705882348,0.533333333333303
T000068,2025-12-17,CUST005,P00688,0.0,0.5116279069767442,1,FreshBasket Cauliflower,Fruits & Vegetables,0.028485757121439283,Fruits & Vegetables,0.4117647058823526,0.533333333333303
T000069,2025-12-25,CUST005,P00176,1.0,0.5116279069767442,1,Country Delight Buttermilk,Dairy & Eggs,0.30884557721139433,Dairy & Eggs,0.0588235294117645,0.7999999999999545
T000070,2025-12-15,CUST006,P00954,0.6666666666666667,0.7674418604651162,0,Britannia Cookies,Snacks & Biscuits,0.08095952023988007,Snacks & Biscuits,0.11764705882352922,0.466666666666697
T000071,2025-12-15,CUST006,P00124,1.0,0.7674418604651162,0,Milton Paper Towels,Kitchen Essentials,0.05997001499250374,Kitchen Essentials,0.6470588235294115,0.466666666666697
T000072,2025-12-15,CUST006,P00989,0.6666666666666667,0.7674418604651162,0,Lizol Bleach,Cleaning & Laundry,0.4257871064467766,Cleaning & Laundry,0.2941176470588236,0.466666666666697
T000073,2025-12-23,CUST006,P00766,0.6666666666666667,0.7674418604651162,0,Fortune Groundnut Oil,Edible Oils & Ghee,0.5157421289355322,Edible Oils & Ghee,0.0588235294117645,0.7333333333333485
T000074,2025-12-23,CUST006,P00302,1.0,0.7674418604651162,0,Wagh Bakri Masala Tea,Tea & Coffee,0.5307346326836582,Tea & Coffee,0.17647058823529416,0.7333333333333485
T000075,2025-12-24,CUST007,P00116,0.3333333333333333,0.7441860465116278,1,Emami Healthy & Tasty Groundnut Oil,Edible Oils & Ghee,0.2983508245877061,Edible Oils & Ghee,0.3529411764705881,0.7666666666666515
T000076,2025-12-24,CUST007,P00176,0.0,0.7441860465116278,1,Country Delight Buttermilk,Dairy & Eggs,0.30884557721139433,Dairy & Eggs,0.0588235294117645,0.7666666666666515
T000077,2025-12-24,CUST007,P00984,0.6666666666666667,0.7441860465116278,1,Coca-Cola Orange Juice,Cold Drinks & Juices,0.037481259370314844,Cold Drinks & Juices,0.529411764705882,0.7666666666666515
T000078,2025-12-23,CUST007,P00654,0.6666666666666667,0.7441860465116278,1,NaturePick Green Chilli,Fruits & Vegetables,0.143928035982009,Fruits & Vegetables,0.23529411764705865,0.7333333333333485
T000079,2025-12-23,CUST007,P00947,0.0,0.7441860465116278,1,Ariel Fabric Softener,Cleaning & Laundry,0.24137931034482757,Cleaning & Laundry,0.47058823529411753,0.7333333333333485
T000080,2025-12-23,CUST007,P00682,0.0,0.7441860465116278,1,Nandini Brown Eggs,Dairy & Eggs,0.2818590704647676,Dairy & Eggs,0.6470588235294115,0.7333333333333485
T000081,2025-12-06,CUST007,P00391,0.6666666666666667,0.7441860465116278,1,NaturePick Coriander,Fruits & Vegetables,0.15892053973013492,Fruits & Vegetables,0.17647058823529416,0.16666666666662877
T000082,2025-12-06,CUST007,P00378,0.3333333333333333,0.7441860465116278,1,Lays Marie Biscuits,Snacks & Biscuits,0.17541229385307347,Snacks & Biscuits,0.7647058823529409,0.16666666666662877
T000083,2025-12-06,CUST007,P00591,0.6666666666666667,0.7441860465116278,1,Amul Brown Eggs,Dairy & Eggs,0.3373313343328336,Dairy & Eggs,0.588235294117647,0.16666666666662877
T000084,2025-12-06,CUST007,P00054,0.0,0.7441860465116278,1,Santoor Conditioner,Bath & Body,0.22488755622188905,Bath & Body,0.588235294117647,0.16666666666662877
T000085,2025-12-01,CUST007,P00512,1.0,0.7441860465116278,1,Patanjali Hand Wash,Bath & Body,0.08245877061469264,Bath & Body,0.47058823529411753,0.0
T000086,2025-12-01,CUST007,P00629,0.6666666666666667,0.7441860465116278,1,Pepsi Fruit Juice,Cold Drinks & Juices,0.06446776611694152,Cold Drinks & Juices,0.4117647058823526,0.0
T000087,2025-12-01,CUST007,P00207,0.3333333333333333,0.7441860465116278,1,LocalFarm Banana,Fruits & Vegetables,0.15592203898050974,Fruits & Vegetables,0.0588235294117645,0.0
T000088,2025-12-28,CUST008,P00160,0.3333333333333333,0.9999999999999999,0,Real Iced Tea,Cold Drinks & Juices,0.11394302848575713,Cold Drinks & Juices,0.8235294117647054,0.8999999999999773
T000089,2025-12-31,CUST008,P00838,0.3333333333333333,0.9999999999999999,0,Colgate Toothbrush,Oral Care,0.08395802098950525,Oral Care,0.17647058823529416,1.0
T000090,2025-12-31,CUST008,P00081,1.0,0.9999999999999999,0,Closeup Toothbrush,Oral Care,0.24887556221889057,Oral Care,0.3529411764705881,1.0
T000091,2025-12-22,CUST009,P00381,0.6666666666666667,0.16279069767441856,1,Tropicana Energy Drink,Cold Drinks & Juices,0.1904047976011994,Cold Drinks & Juices,0.23529411764705865,0.6999999999999318
T000092,2025-12-22,CUST009,P00833,0.0,0.16279069767441856,1,Pears Body Lotion,Bath & Body,0.03448275862068966,Bath & Body,0.47058823529411753,0.6999999999999318
T000093,2025-12-22,CUST009,P00404,1.0,0.16279069767441856,1,Patanjali Chana Dal,"Atta, Rice & Dal",0.4842578710644677,"Atta, Rice & Dal",0.17647058823529416,0.6999999999999318
T000094,2025-12-27,CUST009,P00317,0.6666666666666667,0.16279069767441856,1,Lux Bath Soap,Bath & Body,0.2218890554722639,Bath & Body,0.7058823529411764,0.8666666666666742
T000095,2025-12-27,CUST009,P00257,0.3333333333333333,0.16279069767441856,1,Sunfeast Popcorn,Snacks & Biscuits,0.14842578710644677,Snacks & Biscuits,0.0588235294117645,0.8666666666666742
T000096,2025-12-27,CUST009,P00204,1.0,0.16279069767441856,1,Cadbury Rasgulla,Chocolates & Sweets,0.3823088455772114,Chocolates & Sweets,0.23529411764705865,0.8666666666666742
T000097,2025-12-06,CUST009,P00529,0.3333333333333333,0.16279069767441856,1,FarmFresh Ginger,Fruits & Vegetables,0.05547226386806597,Fruits & Vegetables,0.8235294117647054,0.16666666666662877
T000098,2025-12-06,CUST009,P00860,0.0,0.16279069767441856,1,Patanjali Bath Soap,Bath & Body,0.10494752623688156,Bath & Body,0.0,0.16666666666662877
T000099,2025-12-06,CUST009,P00016,0.6666666666666667,0.16279069767441856,1,Santoor Face Wash,Bath & Body,0.3148425787106447,Bath & Body,0.47058823529411753,0.16666666666662877
T000100,2025-12-04,CUST010,P00036,0.0,0.883720930232558,1,Organic India Lady Finger,Fruits & Vegetables,0.10494752623688156,Fruits & Vegetables,0.3529411764705881,0.10000000000002274
T000101,2025-12-04,CUST010,P00662,0.6666666666666667,0.883720930232558,1,Brooke Bond Masala Tea,Tea & Coffee,0.44227886056971516,Tea & Coffee,0.7647058823529409,0.10000000000002274
T000102,2025-12-04,CUST010,P00022,1.0,0.883720930232558,1,Wagh Bakri Herbal Tea,Tea & Coffee,0.7331334332833583,Tea & Coffee,0.3529411764705881,0.10000000000002274
T000103,2025-12-04,CUST010,P00748,0.3333333333333333,0.883720930232558,1,Pepsodent Dental Floss,Oral Care,0.1934032983508246,Oral Care,0.4117647058823526,0.10000000000002274
T000104,2025-12-02,CUST010,P00716,1.0,0.883720930232558,1,Country Delight Ghee,Dairy & Eggs,0.21139430284857572,Dairy & Eggs,0.23529411764705865,0.03333333333330302
T000105,2025-12-02,CUST010,P00827,0.0,0.883720930232558,1,Fiama Body Wash,Bath & Body,0.21139430284857572,Bath & Body,0.588235294117647,0.03333333333330302
T000106,2025-12-02,CUST010,P00924,0.3333333333333333,0.883720930232558,1,Wagh Bakri Instant Coffee,Tea & Coffee,0.9265367316341829,Tea & Coffee,0.588235294117647,0.03333333333330302
T000107,2025-12-28,CUST011,P00939,0.0,0.5116279069767442,1,Harpic Floor Cleaner,Cleaning & Laundry,0.41379310344827586,Cleaning & Laundry,0.529411764705882,0.8999999999999773
T000108,2025-12-28,CUST011,P00965,0.0,0.5116279069767442,1,24 Mantra Multigrain Atta,"Atta, Rice & Dal",0.061469265367316346,"Atta, Rice & Dal",0.4117647058823526,0.8999999999999773
T000109,2025-12-28,CUST011,P00285,0.3333333333333333,0.5116279069767442,1,Parle Namkeen Mix,Snacks & Biscuits,0.0929535232383808,Snacks & Biscuits,0.529411764705882,0.8999999999999773
T000110,2025-12-28,CUST011,P00611,0.3333333333333333,0.5116279069767442,1,Harpic Detergent Powder,Cleaning & Laundry,0.2698650674662669,Cleaning & Laundry,0.2941176470588236,0.8999999999999773
T000111,2025-12-25,CUST011,P00531,0.0,0.5116279069767442,1,Pepsodent Toothbrush,Oral Care,0.2638680659670165,Oral Care,0.6470588235294115,0.7999999999999545
T000112,2025-12-25,CUST011,P00102,0.6666666666666667,0.5116279069767442,1,Nandini Butter,Dairy & Eggs,0.22038980509745126,Dairy & Eggs,0.17647058823529416,0.7999999999999545
T000113,2025-12-22,CUST012,P00423,0.3333333333333333,0.9302325581395349,2,Lux Conditioner,Bath & Body,0.3328335832083958,Bath & Body,0.0588235294117645,0.6999999999999318
T000114,2025-12-22,CUST012,P00621,1.0,0.9302325581395349,2,Bru Green Tea,Tea & Coffee,0.7346326836581709,Tea & Coffee,0.529411764705882,0.6999999999999318
T000115,2025-12-22,CUST012,P00021,0.0,0.9302325581395349,2,Mother Dairy Brown Eggs,Dairy & Eggs,0.031484257871064465,Dairy & Eggs,0.0,0.6999999999999318
T000116,2025-12-22,CUST012,P00396,0.0,0.9302325581395349,2,Dabur Red Mouthwash,Oral Care,0.20539730134932535,Oral Care,0.588235294117647,0.6999999999999318
T000117,2025-12-22,CUST012,P00984,1.0,0.9302325581395349,2,Coca-Cola Orange Juice,Cold Drinks & Juices,0.037481259370314844,Cold Drinks & Juices,0.529411764705882,0.6999999999999318
T000118,2025-12-13,CUST012,P00201,0.6666666666666667,0.9302325581395349,2,Sprite Diet Soft Drink,Cold Drinks & Juices,0.08095952023988007,Cold Drinks & Juices,0.8823529411764703,0.39999999999997726
T000119,2025-12-13,CUST012,P00743,0.6666666666666667,0.9302325581395349,2,Dove Face Wash,Bath & Body,0.25787106446776614,Bath & Body,0.7647058823529409,0.39999999999997726
T000120,2025-12-01,CUST012,P00790,0.3333333333333333,0.9302325581395349,2,Amul Kaju Katli,Chocolates & Sweets,0.7016491754122939,Chocolates & Sweets,0.7058823529411764,0.0
T000121,2025-12-01,CUST012,P00231,1.0,0.9302325581395349,2,B Natural Iced Tea,Cold Drinks & Juices,0.1199400299850075,Cold Drinks & Juices,0.0588235294117645,0.0
T000122,2025-12-01,CUST012,P00868,0.0,0.9302325581395349,2,Lux Hand Wash,Bath & Body,0.3268365817091454,Bath & Body,0.8235294117647054,0.0
T000123,2025-12-01,CUST012,P00944,1.0,0.9302325581395349,2,Pears Shampoo,Bath & Body,0.08095952023988007,Bath & Body,0.3529411764705881,0.0
T000124,2025-12-01,CUST012,P00421,0.3333333333333333,0.9302325581395349,2,Colgate Toothpaste,Oral Care,0.10494752623688156,Oral Care,0.2941176470588236,0.0
T000125,2025-12-27,CUST013,P00536,0.3333333333333333,0.5581395348837209,2,Heritage Fresh Cream,Dairy & Eggs,0.2908545727136432,Dairy & Eggs,0.17647058823529416,0.8666666666666742
T000126,2025-12-27,CUST013,P00974,0.3333333333333333,0.5581395348837209,2,Freedom Desi Ghee,Edible Oils & Ghee,0.18590704647676162,Edible Oils & Ghee,0.23529411764705865,0.8666666666666742
T000127,2025-12-08,CUST013,P00145,0.0,0.5581395348837209,2,Aavin Buttermilk,Dairy & Eggs,0.2983508245877061,Dairy & Eggs,0.3529411764705881,0.2333333333333485
T000128,2025-12-08,CUST014,P00870,0.0,0.6279069767441859,2,Oral-B Toothbrush,Oral Care,0.13643178410794604,Oral Care,0.529411764705882,0.2333333333333485
T000129,2025-12-08,CUST014,P00004,0.0,0.6279069767441859,2,Tropicana Apple Juice,Cold Drinks & Juices,0.09895052473763119,Cold Drinks & Juices,0.47058823529411753,0.2333333333333485
T000130,2025-12-07,CUST014,P00898,0.6666666666666667,0.6279069767441859,2,Dabur Red Toothpaste,Oral Care,0.34332833583208394,Oral Care,0.0588235294117645,0.1999999999999318
T000131,2025-12-07,CUST014,P00771,1.0,0.6279069767441859,2,Pepsodent Toothpaste,Oral Care,0.3238380809595202,Oral Care,0.23529411764705865,0.1999999999999318
T000132,2025-12-07,CUST014,P00471,0.0,0.6279069767441859,2,Oral-B Electric Toothbrush,Oral Care,0.2773613193403298,Oral Care,0.23529411764705865,0.1999999999999318
T000133,2025-12-07,CUST014,P00760,1.0,0.6279069767441859,2,Fortune Atta,"Atta, Rice & Dal",0.17841079460269865,"Atta, Rice & Dal",0.529411764705882,0.1999999999999318
T000134,2025-12-07,CUST014,P00060,0.0,0.6279069767441859,2,FarmFresh Orange,Fruits & Vegetables,0.15442278860569716,Fruits & Vegetables,0.7058823529411764,0.1999999999999318
T000135,2025-12-05,CUST015,P00116,1.0,0.06976744186046513,1,Emami Healthy & Tasty Groundnut Oil,Edible Oils & Ghee,0.2983508245877061,Edible Oils & Ghee,0.3529411764705881,0.13333333333332575
T000136,2025-12-05,CUST015,P00363,0.0,0.06976744186046513,1,Pigeon Aluminium Foil,Kitchen Essentials,0.19640179910044978,Kitchen Essentials,0.0588235294117645,0.13333333333332575
T000137,2025-12-25,CUST015,P00471,0.3333333333333333,0.06976744186046513,1,Oral-B Electric Toothbrush,Oral Care,0.2773613193403298,Oral Care,0.23529411764705865,0.7999999999999545
T000138,2025-12-25,CUST015,P00252,0.0,0.06976744186046513,1,FreshBasket Onion,Fruits & Vegetables,0.026986506746626684,Fruits & Vegetables,0.529411764705882,0.7999999999999545
T000139,2025-12-28,CUST016,P00458,0.3333333333333333,0.9534883720930233,2,LocalFarm Ginger,Fruits & Vegetables,0.143928035982009,Fruits & Vegetables,0.529411764705882,0.8999999999999773
T000140,2025-12-27,CUST016,P00739,0.0,0.9534883720930233,2,Parle Namkeen Mix,Snacks & Biscuits,0.11094452773613195,Snacks & Biscuits,0.3529411764705881,0.8666666666666742
T000141,2025-12-27,CUST016,P00548,0.6666666666666667,0.9534883720930233,2,Emami Healthy & Tasty Olive Oil,Edible Oils & Ghee,0.31634182908545727,Edible Oils & Ghee,0.9411764705882348,0.8666666666666742
T000142,2025-12-27,CUST016,P00733,0.0,0.9534883720930233,2,Tropicana Apple Juice,Cold Drinks & Juices,0.06296851574212894,Cold Drinks & Juices,0.8823529411764703,0.8666666666666742
T000143,2025-12-05,CUST016,P00638,0.6666666666666667,0.9534883720930233,2,FreshBasket Orange,Fruits & Vegetables,0.0734632683658171,Fruits & Vegetables,0.0588235294117645,0.13333333333332575
T000144,2025-12-05,CUST016,P00219,0.6666666666666667,0.9534883720930233,2,Scotch-Brite Aluminium Foil,Kitchen Essentials,0.09595202398800601,Kitchen Essentials,0.11764705882352922,0.13333333333332575
T000145,2025-12-05,CUST016,P00200,0.6666666666666667,0.9534883720930233,2,Saffola Groundnut Oil,Edible Oils & Ghee,0.20839580209895053,Edible Oils & Ghee,0.3529411764705881,0.13333333333332575
T000146,2025-12-05,CUST016,P00968,1.0,0.9534883720930233,2,Paper Boat Iced Tea,Cold Drinks & Juices,0.16041979010494753,Cold Drinks & Juices,0.2941176470588236,0.13333333333332575
T000147,2025-12-11,CUST016,P00085,0.3333333333333333,0.9534883720930233,2,Aavin Flavoured Milk,Dairy & Eggs,0.13493253373313344,Dairy & Eggs,0.529411764705882,0.33333333333325754
T000148,2025-12-11,CUST016,P00821,0.6666666666666667,0.9534883720930233,2,Country Delight Curd,Dairy & Eggs,0.25787106446776614,Dairy & Eggs,0.8823529411764703,0.33333333333325754
T000149,2025-12-11,CUST016,P00610,1.0,0.9534883720930233,2,Lays Banana Chips,Snacks & Biscuits,0.17691154422788605,Snacks & Biscuits,0.6470588235294115,0.33333333333325754
T000150,2025-12-30,CUST017,P00988,0.0,0.7906976744186046,1,Heritage Fresh Cream,Dairy & Eggs,0.12443778110944528,Dairy & Eggs,0.4117647058823526,0.966666666666697
T000151,2025-12-30,CUST017,P00185,0.3333333333333333,0.7906976744186046,1,Colgate Toothbrush,Oral Care,0.2983508245877061,Oral Care,0.2941176470588236,0.966666666666697
T000152,2025-12-30,CUST017,P00473,0.3333333333333333,0.7906976744186046,1,Dove Hand Wash,Bath & Body,0.11844077961019492,Bath & Body,0.8235294117647054,0.966666666666697
T000153,2025-12-30,CUST017,P00873,1.0,0.7906976744186046,1,Tata Sampann Atta,"Atta, Rice & Dal",0.13343328335832083,"Atta, Rice & Dal",0.7058823529411764,0.966666666666697
T000154,2025-12-21,CUST017,P00215,0.3333333333333333,0.7906976744186046,1,Dove Hand Wash,Bath & Body,0.10344827586206898,Bath & Body,0.8235294117647054,0.6666666666666288
T000155,2025-12-21,CUST017,P00927,0.3333333333333333,0.7906976744186046,1,Bru Green Tea,Tea & Coffee,0.17391304347826086,Tea & Coffee,0.0588235294117645,0.6666666666666288
T000156,2025-12-16,CUST017,P00139,1.0,0.7906976744186046,1,Amul White Eggs,Dairy & Eggs,0.25487256371814093,Dairy & Eggs,0.23529411764705865,0.5
T000157,2025-12-10,CUST017,P00811,1.0,0.7906976744186046,1,Heritage Flavoured Milk,Dairy & Eggs,0.020989505247376312,Dairy & Eggs,1.0000000000000002,0.2999999999999545
T000158,2025-12-10,CUST017,P00728,0.0,0.7906976744186046,1,Nestle Gulab Jamun,Chocolates & Sweets,0.20389805097451275,Chocolates & Sweets,0.7647058823529409,0.2999999999999545
T000159,2025-12-10,CUST017,P00155,0.0,0.7906976744186046,1,FreshBasket Cucumber,Fruits & Vegetables,0.18140929535232383,Fruits & Vegetables,0.7647058823529409,0.2999999999999545
T000160,2025-12-10,CUST017,P00443,0.0,0.7906976744186046,1,Vim Bleach,Cleaning & Laundry,0.4917541229385307,Cleaning & Laundry,0.47058823529411753,0.2999999999999545
T000161,2025-12-05,CUST017,P00557,0.3333333333333333,0.7906976744186046,1,Aashirvaad Rajma,"Atta, Rice & Dal",0.08395802098950525,"Atta, Rice & Dal",0.23529411764705865,0.13333333333332575
T000162,2025-12-10,CUST018,P00284,1.0,0.2790697674418604,2,Balaji Potato Chips,Snacks & Biscuits,0.22638680659670163,Snacks & Biscuits,0.8823529411764703,0.2999999999999545
T000163,2025-12-10,CUST018,P00942,1.0,0.2790697674418604,2,Tide Dishwash Bar,Cleaning & Laundry,0.7091454272863568,Cleaning & Laundry,0.11764705882352922,0.2999999999999545
T000164,2025-12-10,CUST018,P00443,0.0,0.2790697674418604,2,Vim Bleach,Cleaning & Laundry,0.4917541229385307,Cleaning & Laundry,0.47058823529411753,0.2999999999999545
T000165,2025-12-25,CUST018,P00772,1.0,0.2790697674418604,2,Patanjali Body Lotion,Bath & Body,0.27436281859070466,Bath & Body,0.6470588235294115,0.7999999999999545
T000166,2025-12-25,CUST018,P00762,0.3333333333333333,0.2790697674418604,2,Vim Toilet Cleaner,Cleaning & Laundry,0.7691154422788605,Cleaning & Laundry,0.0,0.7999999999999545
T000167,2025-12-25,CUST018,P00810,1.0,0.2790697674418604,2,Closeup Toothpaste,Oral Care,0.29235382308845576,Oral Care,0.6470588235294115,0.7999999999999545
T000168,2025-12-25,CUST018,P00986,0.0,0.2790697674418604,2,B Natural Diet Soft Drink,Cold Drinks & Juices,0.04347826086956522,Cold Drinks & Juices,0.3529411764705881,0.7999999999999545
T000169,2025-12-25,CUST018,P00457,0.0,0.2790697674418604,2,Oral-B Toothpaste,Oral Care,0.2638680659670165,Oral Care,0.7647058823529409,0.7999999999999545
T000170,2025-12-24,CUST019,P00695,0.0,0.6046511627906977,2,Pepsi Apple Juice,Cold Drinks & Juices,0.15442278860569716,Cold Drinks & Juices,0.8823529411764703,0.7666666666666515
T000171,2025-12-24,CUST019,P00890,1.0,0.6046511627906977,2,Cadbury Gulab Jamun,Chocolates & Sweets,0.6776611694152923,Chocolates & Sweets,0.23529411764705865,0.7666666666666515
T000172,2025-12-01,CUST019,P00573,0.3333333333333333,0.6046511627906977,2,Patanjali Sunflower Oil,Edible Oils & Ghee,0.3148425787106447,Edible Oils & Ghee,0.8823529411764703,0.0
T000173,2025-12-01,CUST019,P00369,0.0,0.6046511627906977,2,Sunfeast Roasted Peanuts,Snacks & Biscuits,0.09745127436281859,Snacks & Biscuits,0.47058823529411753,0.0
T000174,2025-12-01,CUST019,P00269,0.0,0.6046511627906977,2,Country Delight Milk,Dairy & Eggs,0.08995502248875561,Dairy & Eggs,0.7647058823529409,0.0
T000175,2025-12-01,CUST019,P00437,1.0,0.6046511627906977,2,Nestle Soan Papdi,Chocolates & Sweets,0.5967016491754122,Chocolates & Sweets,0.6470588235294115,0.0
T000176,2025-12-22,CUST019,P00618,1.0,0.6046511627906977,2,FreshBasket Capsicum,Fruits & Vegetables,0.1904047976011994,Fruits & Vegetables,0.588235294117647,0.6999999999999318
T000177,2025-12-22,CUST019,P00731,0.0,0.6046511627906977,2,Organic India Onion,Fruits & Vegetables,0.06446776611694152,Fruits & Vegetables,0.7058823529411764,0.6999999999999318
T000178,2025-12-22,CUST019,P00734,0.3333333333333333,0.6046511627906977,2,Patanjali Masoor Dal,"Atta, Rice & Dal",0.5757121439280359,"Atta, Rice & Dal",0.588235294117647,0.6999999999999318
T000179,2025-12-22,CUST019,P00843,0.6666666666666667,0.6046511627906977,2,Coca-Cola Energy Drink,Cold Drinks & Juices,0.11394302848575713,Cold Drinks & Juices,0.3529411764705881,0.6999999999999318
T000180,2025-12-21,CUST019,P00373,1.0,0.6046511627906977,2,Tide Dishwash Bar,Cleaning & Laundry,0.616191904047976,Cleaning & Laundry,0.8823529411764703,0.6666666666666288
T000181,2025-12-21,CUST019,P00766,0.0,0.6046511627906977,2,Fortune Groundnut Oil,Edible Oils & Ghee,0.5157421289355322,Edible Oils & Ghee,0.0588235294117645,0.6666666666666288
T000182,2025-12-21,CUST019,P00604,1.0,0.6046511627906977,2,Balaji Banana Chips,Snacks & Biscuits,0.18740629685157423,Snacks & Biscuits,0.2941176470588236,0.6666666666666288
T000183,2025-12-21,CUST019,P00832,0.0,0.6046511627906977,2,Lays Cookies,Snacks & Biscuits,0.01949025487256372,Snacks & Biscuits,0.588235294117647,0.6666666666666288
T000184,2025-12-21,CUST019,P00760,0.3333333333333333,0.6046511627906977,2,Fortune Atta,"Atta, Rice & Dal",0.17841079460269865,"Atta, Rice & Dal",0.529411764705882,0.6666666666666288
T000185,2025-12-25,CUST019,P00036,0.0,0.6046511627906977,2,Organic India Lady Finger,Fruits & Vegetables,0.10494752623688156,Fruits & Vegetables,0.3529411764705881,0.7999999999999545
T000186,2025-12-25,CUST019,P00799,0.6666666666666667,0.6046511627906977,2,Closeup Electric Toothbrush,Oral Care,0.13193403298350825,Oral Care,0.11764705882352922,0.7999999999999545
T000187,2025-12-18,CUST020,P00210,0.6666666666666667,0.6976744186046512,1,Amul Dark Chocolate,Chocolates & Sweets,0.6656671664167916,Chocolates & Sweets,0.23529411764705865,0.566666666666606
T000188,2025-12-18,CUST020,P00124,0.0,0.6976744186046512,1,Milton Paper Towels,Kitchen Essentials,0.05997001499250374,Kitchen Essentials,0.6470588235294115,0.566666666666606
T000189,2025-12-21,CUST020,P00917,0.6666666666666667,0.6976744186046512,1,Britannia Bhujia,Snacks & Biscuits,0.12293853073463268,Snacks & Biscuits,0.0588235294117645,0.6666666666666288
T000190,2025-12-21,CUST020,P00643,0.0,0.6976744186046512,1,Red Label Tea Powder,Tea & Coffee,0.9730134932533733,Tea & Coffee,0.3529411764705881,0.6666666666666288
T000191,2025-12-02,CUST020,P00526,0.3333333333333333,0.6976744186046512,1,Dettol Bleach,Cleaning & Laundry,0.808095952023988,Cleaning & Laundry,0.4117647058823526,0.03333333333330302
T000192,2025-12-02,CUST020,P00642,0.6666666666666667,0.6976744186046512,1,Scotch-Brite Aluminium Foil,Kitchen Essentials,0.38830584707646176,Kitchen Essentials,1.0000000000000002,0.03333333333330302
T000193,2025-12-02,CUST020,P00310,0.6666666666666667,0.6976744186046512,1,Ferrero Soan Papdi,Chocolates & Sweets,0.1934032983508246,Chocolates & Sweets,0.2941176470588236,0.03333333333330302
T000194,2025-12-06,CUST020,P00671,0.0,0.6976744186046512,1,Prestige Kitchen Towels,Kitchen Essentials,0.12893553223388307,Kitchen Essentials,0.9411764705882348,0.16666666666662877
T000195,2025-12-12,CUST021,P00220,0.3333333333333333,0.6511627906976744,0,Cadbury Rasgulla,Chocolates & Sweets,0.41529235382308843,Chocolates & Sweets,0.17647058823529416,0.36666666666667425
T000196,2025-12-12,CUST021,P00408,1.0,0.6511627906976744,0,Saffola Mustard Oil,Edible Oils & Ghee,0.42278860569715143,Edible Oils & Ghee,0.17647058823529416,0.36666666666667425
T000197,2025-12-12,CUST021,P00416,0.0,0.6511627906976744,0,Brooke Bond Green Tea,Tea & Coffee,0.34782608695652173,Tea & Coffee,0.17647058823529416,0.36666666666667425
T000198,2025-12-25,CUST021,P00539,1.0,0.6511627906976744,0,Aashirvaad Brown Rice,"Atta, Rice & Dal",0.335832083958021,"Atta, Rice & Dal",1.0000000000000002,0.7999999999999545
T000199,2025-12-25,CUST021,P00366,0.6666666666666667,0.6511627906976744,0,Girnar Instant Coffee,Tea & Coffee,0.15592203898050974,Tea & Coffee,0.529411764705882,0.7999999999999545
T000200,2025-12-25,CUST021,P00463,0.0,0.6511627906976744,0,Ferrero Milk Chocolate,Chocolates & Sweets,0.11094452773613195,Chocolates & Sweets,0.7058823529411764,0.7999999999999545
T000201,2025-12-25,CUST021,P00955,0.3333333333333333,0.6511627906976744,0,FarmFresh Carrot,Fruits & Vegetables,0.13193403298350825,Fruits & Vegetables,0.6470588235294115,0.7999999999999545
T000202,2025-12-25,CUST021,P00217,0.6666666666666667,0.6511627906976744,0,Scotch-Brite Cling Wrap,Kitchen Essentials,0.09145427286356822,Kitchen Essentials,0.3529411764705881,0.7999999999999545
T000203,2025-12-24,CUST022,P00586,1.0,0.813953488372093,2,Tide Fabric Softener,Cleaning & Laundry,0.553223388305847,Cleaning & Laundry,1.0000000000000002,0.7666666666666515
T000204,2025-12-24,CUST022,P00593,0.0,0.813953488372093,2,Patanjali Body Wash,Bath & Body,0.15592203898050974,Bath & Body,0.8823529411764703,0.7666666666666515
T000205,2025-12-24,CUST022,P00470,1.0,0.813953488372093,2,Kurkure Cream Biscuits,Snacks & Biscuits,0.008995502248875561,Snacks & Biscuits,0.23529411764705865,0.7666666666666515
T000206,2025-12-24,CUST022,P00003,1.0,0.813953488372093,2,Tata Tea Coffee Beans,Tea & Coffee,0.36281859070464767,Tea & Coffee,0.2941176470588236,0.7666666666666515
T000207,2025-12-24,CUST022,P00358,0.3333333333333333,0.813953488372093,2,Cadbury Milk Chocolate,Chocolates & Sweets,0.49625187406296856,Chocolates & Sweets,0.529411764705882,0.7666666666666515
T000208,2025-12-17,CUST022,P00002,0.0,0.813953488372093,2,Pepsi Soft Drink,Cold Drinks & Juices,0.08095952023988007,Cold Drinks & Juices,0.588235294117647,0.533333333333303
T000209,2025-12-17,CUST022,P00106,1.0,0.813953488372093,2,Daawat Basmati Rice,"Atta, Rice & Dal",0.5217391304347826,"Atta, Rice & Dal",0.7058823529411764,0.533333333333303
T000210,2025-12-17,CUST022,P00270,0.3333333333333333,0.813953488372093,2,Thums Up Mixed Fruit Juice,Cold Drinks & Juices,0.0,Cold Drinks & Juices,0.23529411764705865,0.533333333333303
T000211,2025-12-11,CUST022,P00643,0.0,0.813953488372093,2,Red Label Tea Powder,Tea & Coffee,0.9730134932533733,Tea & Coffee,0.3529411764705881,0.33333333333325754
T000212,2025-12-02,CUST022,P00618,1.0,0.813953488372093,2,FreshBasket Capsicum,Fruits & Vegetables,0.1904047976011994,Fruits & Vegetables,0.588235294117647,0.03333333333330302
T000213,2025-12-02,CUST022,P00125,0.0,0.813953488372093,2,Pepsi Apple Juice,Cold Drinks & Juices,0.191904047976012,Cold Drinks & Juices,0.23529411764705865,0.03333333333330302
T000214,2025-12-02,CUST022,P00434,1.0,0.813953488372093,2,Pepsi Apple Juice,Cold Drinks & Juices,0.053973013493253376,Cold Drinks & Juices,0.7647058823529409,0.03333333333330302
T000215,2025-12-02,CUST022,P00460,0.3333333333333333,0.813953488372093,2,Freedom Sunflower Oil,Edible Oils & Ghee,0.1634182908545727,Edible Oils & Ghee,0.23529411764705865,0.03333333333330302
T000216,2025-12-20,CUST022,P00828,0.6666666666666667,0.813953488372093,2,B Natural Iced Tea,Cold Drinks & Juices,0.044977511244377814,Cold Drinks & Juices,0.588235294117647,0.6333333333333258
T000217,2025-12-20,CUST022,P00131,0.0,0.813953488372093,2,Kurkure Roasted Peanuts,Snacks & Biscuits,0.05697151424287856,Snacks & Biscuits,0.8235294117647054,0.6333333333333258
T000218,2025-12-20,CUST022,P00275,1.0,0.813953488372093,2,FreshBasket Cabbage,Fruits & Vegetables,0.11844077961019492,Fruits & Vegetables,0.529411764705882,0.6333333333333258
T000219,2025-12-27,CUST022,P00348,0.0,0.813953488372093,2,Milton Kitchen Towels,Kitchen Essentials,0.18590704647676162,Kitchen Essentials,0.3529411764705881,0.8666666666666742
T000220,2025-12-27,CUST022,P00314,0.6666666666666667,0.813953488372093,2,Lux Bath Soap,Bath & Body,0.31334332833583206,Bath & Body,0.47058823529411753,0.8666666666666742
T000221,2025-12-27,CUST022,P00657,0.3333333333333333,0.813953488372093,2,Brooke Bond Instant Coffee,Tea & Coffee,0.7841079460269865,Tea & Coffee,0.0588235294117645,0.8666666666666742
T000222,2025-12-27,CUST022,P00415,0.0,0.813953488372093,2,Brooke Bond Herbal Tea,Tea & Coffee,0.9955022488755622,Tea & Coffee,0.7058823529411764,0.8666666666666742
T000223,2025-12-16,CUST023,P00125,1.0,0.9069767441860465,1,Pepsi Apple Juice,Cold Drinks & Juices,0.191904047976012,Cold Drinks & Juices,0.23529411764705865,0.5
T000224,2025-12-16,CUST023,P00454,0.3333333333333333,0.9069767441860465,1,Aashirvaad Toor Dal,"Atta, Rice & Dal",0.6356821589205397,"Atta, Rice & Dal",0.529411764705882,0.5
T000225,2025-12-16,CUST023,P00285,0.6666666666666667,0.9069767441860465,1,Parle Namkeen Mix,Snacks & Biscuits,0.0929535232383808,Snacks & Biscuits,0.529411764705882,0.5
T000226,2025-12-16,CUST023,P00380,0.0,0.9069767441860465,1,Daawat Masoor Dal,"Atta, Rice & Dal",0.46026986506746626,"Atta, Rice & Dal",0.6470588235294115,0.5
T000227,2025-12-17,CUST023,P00387,1.0,0.9069767441860465,1,Saffola Desi Ghee,Edible Oils & Ghee,0.2623688155922039,Edible Oils & Ghee,0.47058823529411753,0.533333333333303
T000228,2025-12-17,CUST023,P00814,1.0,0.9069767441860465,1,Lifebuoy Shampoo,Bath & Body,0.1664167916041979,Bath & Body,0.47058823529411753,0.533333333333303
T000229,2025-12-17,CUST023,P00301,0.6666666666666667,0.9069767441860465,1,Oral-B Toothpaste,Oral Care,0.2518740629685157,Oral Care,0.3529411764705881,0.533333333333303
T000230,2025-12-17,CUST023,P00582,1.0,0.9069767441860465,1,Fortune Mustard Oil,Edible Oils & Ghee,0.5892053973013494,Edible Oils & Ghee,0.6470588235294115,0.533333333333303
T000231,2025-12-17,CUST023,P00097,0.6666666666666667,0.9069767441860465,1,Nestle Dark Chocolate,Chocolates & Sweets,0.11244377811094453,Chocolates & Sweets,1.0000000000000002,0.533333333333303
T000232,2025-12-31,CUST023,P00772,1.0,0.9069767441860465,1,Patanjali Body Lotion,Bath & Body,0.27436281859070466,Bath & Body,0.6470588235294115,1.0
T000233,2025-12-31,CUST023,P00866,0.3333333333333333,0.9069767441860465,1,Harpic Fabric Softener,Cleaning & Laundry,0.6011994002998501,Cleaning & Laundry,0.7058823529411764,1.0
T000234,2025-12-31,CUST023,P00287,0.3333333333333333,0.9069767441860465,1,Dabur Red Electric Toothbrush,Oral Care,0.09745127436281859,Oral Care,0.8235294117647054,1.0
T000235,2025-12-31,CUST023,P00842,0.6666666666666667,0.9069767441860465,1,LocalFarm Orange,Fruits & Vegetables,0.143928035982009,Fruits & Vegetables,0.2941176470588236,1.0
T000236,2025-12-22,CUST023,P00778,0.0,0.9069767441860465,1,Pepsodent Toothbrush,Oral Care,0.11544227886056971,Oral Care,0.8823529411764703,0.6999999999999318
T000237,2025-12-22,CUST023,P00280,1.0,0.9069767441860465,1,Tropicana Diet Soft Drink,Cold Drinks & Juices,0.044977511244377814,Cold Drinks & Juices,0.0588235294117645,0.6999999999999318
T000238,2025-12-22,CUST023,P00052,0.6666666666666667,0.9069767441860465,1,Bru Masala Tea,Tea & Coffee,0.5442278860569715,Tea & Coffee,0.8235294117647054,0.6999999999999318
T000239,2025-12-22,CUST023,P00607,0.0,0.9069767441860465,1,Sunfeast Marie Biscuits,Snacks & Biscuits,0.22638680659670163,Snacks & Biscuits,0.23529411764705865,0.6999999999999318
T000240,2025-12-10,CUST023,P00319,0.0,0.9069767441860465,1,Oral-B Mouthwash,Oral Care,0.08395802098950525,Oral Care,0.3529411764705881,0.2999999999999545
T000241,2025-12-10,CUST023,P00750,0.0,0.9069767441860465,1,Heritage Cheese,Dairy & Eggs,0.10194902548725637,Dairy & Eggs,0.529411764705882,0.2999999999999545
T000242,2025-12-10,CUST023,P00820,0.3333333333333333,0.9069767441860465,1,Haldirams Digestive Biscuits,Snacks & Biscuits,0.11844077961019492,Snacks & Biscuits,0.0,0.2999999999999545
T000243,2025-12-10,CUST023,P00979,0.3333333333333333,0.9069767441860465,1,Bru Filter Coffee,Tea & Coffee,0.22638680659670163,Tea & Coffee,0.11764705882352922,0.2999999999999545
T000244,2025-12-01,CUST023,P00649,0.6666666666666667,0.9069767441860465,1,Continental Filter Coffee,Tea & Coffee,0.8200899550224887,Tea & Coffee,0.8235294117647054,0.0
T000245,2025-12-02,CUST023,P00173,1.0,0.9069767441860465,1,Scotch-Brite Food Storage Bags,Kitchen Essentials,0.13343328335832083,Kitchen Essentials,0.588235294117647,0.03333333333330302
T000246,2025-12-02,CUST023,P00779,0.6666666666666667,0.9069767441860465,1,Continental Herbal Tea,Tea & Coffee,0.5907046476761619,Tea & Coffee,0.4117647058823526,0.03333333333330302
T000247,2025-12-16,CUST024,P00031,0.6666666666666667,0.32558139534883723,2,Oral-B Toothbrush,Oral Care,0.21289355322338832,Oral Care,0.588235294117647,0.5
T000248,2025-12-16,CUST024,P00736,0.0,0.32558139534883723,2,B Natural Diet Soft Drink,Cold Drinks & Juices,0.022488755622188904,Cold Drinks & Juices,0.4117647058823526,0.5
T000249,2025-12-16,CUST024,P00046,0.0,0.32558139534883723,2,Emami Healthy & Tasty Desi Ghee,Edible Oils & Ghee,0.8320839580209894,Edible Oils & Ghee,0.4117647058823526,0.5
T000250,2025-12-16,CUST024,P00871,1.0,0.32558139534883723,2,Heritage Brown Eggs,Dairy & Eggs,0.2818590704647676,Dairy & Eggs,0.3529411764705881,0.5
T000251,2025-12-13,CUST024,P00322,0.6666666666666667,0.32558139534883723,2,Fiama Talcum Powder,Bath & Body,0.3028485757121439,Bath & Body,0.8235294117647054,0.39999999999997726
T000252,2025-12-13,CUST024,P00954,1.0,0.32558139534883723,2,Britannia Cookies,Snacks & Biscuits,0.08095952023988007,Snacks & Biscuits,0.11764705882352922,0.39999999999997726
T000253,2025-12-13,CUST024,P00392,0.3333333333333333,0.32558139534883723,2,Reliance Fresh Spinach,Fruits & Vegetables,0.047976011994003,Fruits & Vegetables,0.8823529411764703,0.39999999999997726
T000254,2025-12-13,CUST024,P00375,0.6666666666666667,0.32558139534883723,2,Ariel Dishwash Bar,Cleaning & Laundry,0.472263868065967,Cleaning & Laundry,0.7058823529411764,0.39999999999997726
T000255,2025-12-26,CUST024,P00012,1.0,0.32558139534883723,2,Pigeon Food Storage Bags,Kitchen Essentials,0.11394302848575713,Kitchen Essentials,0.17647058823529416,0.8333333333332575
T000256,2025-12-26,CUST024,P00026,0.6666666666666667,0.32558139534883723,2,Sensodyne Toothbrush,Oral Care,0.19490254872563717,Oral Care,0.47058823529411753,0.8333333333332575
T000257,2025-12-26,CUST024,P00898,0.0,0.32558139534883723,2,Dabur Red Toothpaste,Oral Care,0.34332833583208394,Oral Care,0.0588235294117645,0.8333333333332575
T000258,2025-12-26,CUST024,P00186,0.6666666666666667,0.32558139534883723,2,Heritage Fresh Cream,Dairy & Eggs,0.09745127436281859,Dairy & Eggs,0.17647058823529416,0.8333333333332575
T000259,2025-12-26,CUST024,P00582,0.6666666666666667,0.32558139534883723,2,Fortune Mustard Oil,Edible Oils & Ghee,0.5892053973013494,Edible Oils & Ghee,0.6470588235294115,0.8333333333332575
T000260,2025-12-08,CUST025,P00770,0.0,0.2558139534883721,2,24 Mantra Sona Masoori Rice,"Atta, Rice & Dal",0.6101949025487257,"Atta, Rice & Dal",0.2941176470588236,0.2333333333333485
T000261,2025-12-08,CUST025,P00480,0.3333333333333333,0.2558139534883721,2,Pears Conditioner,Bath & Body,0.3658170914542729,Bath & Body,0.7647058823529409,0.2333333333333485
T000262,2025-12-08,CUST025,P00879,1.0,0.2558139534883721,2,Bru Masala Tea,Tea & Coffee,0.7016491754122939,Tea & Coffee,0.8235294117647054,0.2333333333333485
T000263,2025-12-02,CUST025,P00310,0.3333333333333333,0.2558139534883721,2,Ferrero Soan Papdi,Chocolates & Sweets,0.1934032983508246,Chocolates & Sweets,0.2941176470588236,0.03333333333330302
T000264,2025-12-02,CUST025,P00348,0.6666666666666667,0.2558139534883721,2,Milton Kitchen Towels,Kitchen Essentials,0.18590704647676162,Kitchen Essentials,0.3529411764705881,0.03333333333330302
T000265,2025-12-02,CUST025,P00829,1.0,0.2558139534883721,2,Milton Cling Wrap,Kitchen Essentials,0.05997001499250374,Kitchen Essentials,0.9411764705882348,0.03333333333330302
T000266,2025-12-02,CUST025,P00936,0.6666666666666667,0.2558139534883721,2,Haldirams Milk Chocolate,Chocolates & Sweets,0.20539730134932535,Chocolates & Sweets,0.9411764705882348,0.03333333333330302
T000267,2025-12-02,CUST025,P00601,1.0,0.2558139534883721,2,Fortune Masoor Dal,"Atta, Rice & Dal",0.11844077961019492,"Atta, Rice & Dal",0.529411764705882,0.03333333333330302
T000268,2025-12-09,CUST025,P00067,0.3333333333333333,0.2558139534883721,2,Dettol Toilet Cleaner,Cleaning & Laundry,0.767616191904048,Cleaning & Laundry,1.0000000000000002,0.2666666666666515
T000269,2025-12-09,CUST025,P00180,0.3333333333333333,0.2558139534883721,2,Rin Detergent Powder,Cleaning & Laundry,0.7286356821589205,Cleaning & Laundry,1.0000000000000002,0.2666666666666515
T000270,2025-12-09,CUST025,P00951,0.6666666666666667,0.2558139534883721,2,Saffola Olive Oil,Edible Oils & Ghee,0.5967016491754122,Edible Oils & Ghee,0.4117647058823526,0.2666666666666515
T000271,2025-12-09,CUST025,P00956,0.3333333333333333,0.2558139534883721,2,Kurkure Bhujia,Snacks & Biscuits,0.2218890554722639,Snacks & Biscuits,0.23529411764705865,0.2666666666666515
T000272,2025-12-12,CUST025,P00382,0.0,0.2558139534883721,2,Dhara Groundnut Oil,Edible Oils & Ghee,0.3118440779610195,Edible Oils & Ghee,0.0588235294117645,0.36666666666667425
T000273,2025-12-24,CUST025,P00769,0.0,0.2558139534883721,2,FarmFresh Cucumber,Fruits & Vegetables,0.16191904047976013,Fruits & Vegetables,0.0588235294117645,0.7666666666666515
T000274,2025-12-25,CUST025,P00376,0.0,0.2558139534883721,2,Pears Body Wash,Bath & Body,0.08095952023988007,Bath & Body,0.47058823529411753,0.7999999999999545
T000275,2025-12-25,CUST025,P00697,0.6666666666666667,0.2558139534883721,2,Surf Excel Dishwash Liquid,Cleaning & Laundry,0.3778110944527736,Cleaning & Laundry,0.8823529411764703,0.7999999999999545
T000276,2025-12-25,CUST025,P00877,0.3333333333333333,0.2558139534883721,2,Dabur Red Electric Toothbrush,Oral Care,0.16041979010494753,Oral Care,0.9411764705882348,0.7999999999999545
T000277,2025-12-27,CUST026,P00243,0.6666666666666667,0.34883720930232553,0,Patanjali Desi Ghee,Edible Oils & Ghee,0.7451274362818591,Edible Oils & Ghee,0.11764705882352922,0.8666666666666742
T000278,2025-12-27,CUST026,P00335,0.6666666666666667,0.34883720930232553,0,Milton Kitchen Towels,Kitchen Essentials,0.13343328335832083,Kitchen Essentials,0.529411764705882,0.8666666666666742
T000279,2025-12-27,CUST026,P00877,0.6666666666666667,0.34883720930232553,0,Dabur Red Electric Toothbrush,Oral Care,0.16041979010494753,Oral Care,0.9411764705882348,0.8666666666666742
T000280,2025-12-12,CUST026,P00789,0.6666666666666667,0.34883720930232553,0,Organic India Banana,Fruits & Vegetables,0.0,Fruits & Vegetables,0.11764705882352922,0.36666666666667425
T000281,2025-12-12,CUST026,P00110,0.3333333333333333,0.34883720930232553,0,Amul Chocolate Bar,Chocolates & Sweets,0.5217391304347826,Chocolates & Sweets,0.588235294117647,0.36666666666667425
T000282,2025-12-12,CUST026,P00486,1.0,0.34883720930232553,0,Prestige Aluminium Foil,Kitchen Essentials,0.40929535232383807,Kitchen Essentials,0.8235294117647054,0.36666666666667425
T000283,2025-12-28,CUST026,P00053,0.6666666666666667,0.34883720930232553,0,Aashirvaad Rajma,"Atta, Rice & Dal",0.6221889055472264,"Atta, Rice & Dal",0.17647058823529416,0.8999999999999773
T000284,2025-12-28,CUST026,P00006,0.6666666666666667,0.34883720930232553,0,Nescafe Herbal Tea,Tea & Coffee,0.36731634182908546,Tea & Coffee,0.23529411764705865,0.8999999999999773
T000285,2025-12-28,CUST026,P00585,0.3333333333333333,0.34883720930232553,0,Reliance Fresh Cabbage,Fruits & Vegetables,0.15742128935532235,Fruits & Vegetables,0.17647058823529416,0.8999999999999773
T000286,2025-12-28,CUST026,P00222,0.0,0.34883720930232553,0,Dabur Red Electric Toothbrush,Oral Care,0.11844077961019492,Oral Care,0.11764705882352922,0.8999999999999773
T000287,2025-12-25,CUST026,P00035,0.0,0.34883720930232553,0,Dodla Milk,Dairy & Eggs,0.09745127436281859,Dairy & Eggs,0.9411764705882348,0.7999999999999545
T000288,2025-12-25,CUST026,P00714,1.0,0.34883720930232553,0,Rin Detergent Liquid,Cleaning & Laundry,0.4857571214392804,Cleaning & Laundry,0.8823529411764703,0.7999999999999545
T000289,2025-12-25,CUST026,P00556,0.6666666666666667,0.34883720930232553,0,Sunfeast Cookies,Snacks & Biscuits,0.10344827586206898,Snacks & Biscuits,0.11764705882352922,0.7999999999999545
T000290,2025-12-25,CUST026,P00916,0.6666666666666667,0.34883720930232553,0,Real Fruit Juice,Cold Drinks & Juices,0.044977511244377814,Cold Drinks & Juices,0.0588235294117645,0.7999999999999545
T000291,2025-12-25,CUST026,P00670,1.0,0.34883720930232553,0,Prestige Paper Towels,Kitchen Essentials,0.04347826086956522,Kitchen Essentials,0.7058823529411764,0.7999999999999545
T000292,2025-12-06,CUST026,P00034,0.3333333333333333,0.34883720930232553,0,Dhara Sunflower Oil,Edible Oils & Ghee,0.5982008995502249,Edible Oils & Ghee,0.6470588235294115,0.16666666666662877
T000293,2025-12-19,CUST027,P00332,0.6666666666666667,0.4418604651162791,0,Tata Sampann Chickpeas,"Atta, Rice & Dal",0.20539730134932535,"Atta, Rice & Dal",0.17647058823529416,0.6000000000000227
T000294,2025-12-19,CUST027,P00685,0.6666666666666667,0.4418604651162791,0,Mars Dark Chocolate,Chocolates & Sweets,0.13493253373313344,Chocolates & Sweets,0.6470588235294115,0.6000000000000227
T000295,2025-12-16,CUST027,P00221,0.3333333333333333,0.4418604651162791,0,Thums Up Diet Soft Drink,Cold Drinks & Juices,0.16491754122938532,Cold Drinks & Juices,0.2941176470588236,0.5
T000296,2025-12-16,CUST027,P00378,0.3333333333333333,0.4418604651162791,0,Lays Marie Biscuits,Snacks & Biscuits,0.17541229385307347,Snacks & Biscuits,0.7647058823529409,0.5
T000297,2025-12-16,CUST027,P00177,1.0,0.4418604651162791,0,Nestle Ladoo,Chocolates & Sweets,0.4587706146926537,Chocolates & Sweets,0.2941176470588236,0.5
T000298,2025-12-16,CUST027,P00979,0.3333333333333333,0.4418604651162791,0,Bru Filter Coffee,Tea & Coffee,0.22638680659670163,Tea & Coffee,0.11764705882352922,0.5
T000299,2025-12-16,CUST027,P00788,0.0,0.4418604651162791,0,Fortune Brown Rice,"Atta, Rice & Dal",0.3328335832083958,"Atta, Rice & Dal",0.0588235294117645,0.5
T000300,2025-12-07,CUST027,P00337,0.3333333333333333,0.4418604651162791,0,Fortune Atta,"Atta, Rice & Dal",0.12743628185907047,"Atta, Rice & Dal",0.17647058823529416,0.1999999999999318
T000301,2025-12-07,CUST027,P00186,1.0,0.4418604651162791,0,Heritage Fresh Cream,Dairy & Eggs,0.09745127436281859,Dairy & Eggs,0.17647058823529416,0.1999999999999318
T000302,2025-12-07,CUST027,P00034,1.0,0.4418604651162791,0,Dhara Sunflower Oil,Edible Oils & Ghee,0.5982008995502249,Edible Oils & Ghee,0.6470588235294115,0.1999999999999318
T000303,2025-12-07,CUST027,P00090,0.6666666666666667,0.4418604651162791,0,Wagh Bakri Tea Powder,Tea & Coffee,0.7031484257871065,Tea & Coffee,0.588235294117647,0.1999999999999318
T000304,2025-12-17,CUST027,P00215,0.0,0.4418604651162791,0,Dove Hand Wash,Bath & Body,0.10344827586206898,Bath & Body,0.8235294117647054,0.533333333333303
T000305,2025-12-31,CUST027,P00237,0.0,0.4418604651162791,0,Brooke Bond Instant Coffee,Tea & Coffee,0.9999999999999999,Tea & Coffee,0.17647058823529416,1.0
T000306,2025-12-31,CUST027,P00990,1.0,0.4418604651162791,0,Cadbury Dark Chocolate,Chocolates & Sweets,0.5742128935532234,Chocolates & Sweets,0.9411764705882348,1.0
T000307,2025-12-31,CUST027,P00668,0.6666666666666667,0.4418604651162791,0,Closeup Toothpaste,Oral Care,0.19640179910044978,Oral Care,0.588235294117647,1.0
T000308,2025-12-31,CUST027,P00796,0.6666666666666667,0.4418604651162791,0,B Natural Orange Juice,Cold Drinks & Juices,0.06296851574212894,Cold Drinks & Juices,0.47058823529411753,1.0
T000309,2025-12-31,CUST027,P00138,1.0,0.4418604651162791,0,Emami Healthy & Tasty Sunflower Oil,Edible Oils & Ghee,0.5307346326836582,Edible Oils & Ghee,0.11764705882352922,1.0
T000310,2025-12-04,CUST027,P00274,0.6666666666666667,0.4418604651162791,0,Closeup Mouthwash,Oral Care,0.1469265367316342,Oral Care,0.9411764705882348,0.10000000000002274
T000311,2025-12-04,CUST027,P00895,0.0,0.4418604651162791,0,Sprite Soft Drink,Cold Drinks & Juices,0.005997001499250379,Cold Drinks & Juices,0.23529411764705865,0.10000000000002274
T000312,2025-12-04,CUST027,P00749,0.0,0.4418604651162791,0,Parle Namkeen Mix,Snacks & Biscuits,0.2563718140929535,Snacks & Biscuits,0.0588235294117645,0.10000000000002274
T000313,2025-12-15,CUST028,P00464,1.0,0.0,1,Patanjali Conditioner,Bath & Body,0.1409295352323838,Bath & Body,0.3529411764705881,0.466666666666697
T000314,2025-12-15,CUST028,P00890,0.3333333333333333,0.0,1,Cadbury Gulab Jamun,Chocolates & Sweets,0.6776611694152923,Chocolates & Sweets,0.23529411764705865,0.466666666666697
T000315,2025-12-23,CUST028,P00428,1.0,0.0,1,Organic India Brinjal,Fruits & Vegetables,0.17841079460269865,Fruits & Vegetables,0.7058823529411764,0.7333333333333485
T000316,2025-12-23,CUST028,P00364,0.3333333333333333,0.0,1,Balaji Bhujia,Snacks & Biscuits,0.12443778110944528,Snacks & Biscuits,0.23529411764705865,0.7333333333333485
T000317,2025-12-23,CUST028,P00607,1.0,0.0,1,Sunfeast Marie Biscuits,Snacks & Biscuits,0.22638680659670163,Snacks & Biscuits,0.23529411764705865,0.7333333333333485
T000318,2025-12-23,CUST028,P00529,0.6666666666666667,0.0,1,FarmFresh Ginger,Fruits & Vegetables,0.05547226386806597,Fruits & Vegetables,0.8235294117647054,0.7333333333333485
T000319,2025-12-23,CUST028,P00506,0.6666666666666667,0.0,1,Saffola Coconut Oil,Edible Oils & Ghee,0.5037481259370314,Edible Oils & Ghee,0.8235294117647054,0.7333333333333485
T000320,2025-12-20,CUST028,P00395,0.6666666666666667,0.0,1,Patanjali Body Wash,Bath & Body,0.032983508245877056,Bath & Body,0.7058823529411764,0.6333333333333258
T000321,2025-12-20,CUST028,P00137,0.6666666666666667,0.0,1,24 Mantra Brown Rice,"Atta, Rice & Dal",0.5772113943028485,"Atta, Rice & Dal",0.47058823529411753,0.6333333333333258
T000322,2025-12-20,CUST028,P00008,0.3333333333333333,0.0,1,Patanjali Toor Dal,"Atta, Rice & Dal",0.24887556221889057,"Atta, Rice & Dal",0.9411764705882348,0.6333333333333258
T000323,2025-12-20,CUST028,P00585,0.0,0.0,1,Reliance Fresh Cabbage,Fruits & Vegetables,0.15742128935532235,Fruits & Vegetables,0.17647058823529416,0.6333333333333258
T000324,2025-12-23,CUST029,P00613,0.0,0.4418604651162791,1,Milton Paper Towels,Kitchen Essentials,0.14842578710644677,Kitchen Essentials,0.4117647058823526,0.7333333333333485
T000325,2025-12-23,CUST029,P00180,0.0,0.4418604651162791,1,Rin Detergent Powder,Cleaning & Laundry,0.7286356821589205,Cleaning & Laundry,1.0000000000000002,0.7333333333333485
T000326,2025-12-23,CUST029,P00743,1.0,0.4418604651162791,1,Dove Face Wash,Bath & Body,0.25787106446776614,Bath & Body,0.7647058823529409,0.7333333333333485
T000327,2025-12-23,CUST029,P00395,0.3333333333333333,0.4418604651162791,1,Patanjali Body Wash,Bath & Body,0.032983508245877056,Bath & Body,0.7058823529411764,0.7333333333333485
T000328,2025-12-23,CUST029,P00431,0.3333333333333333,0.4418604651162791,1,Pepsodent Dental Floss,Oral Care,0.06896551724137931,Oral Care,0.2941176470588236,0.7333333333333485
T000329,2025-12-24,CUST029,P00226,0.3333333333333333,0.4418604651162791,1,Sprite Orange Juice,Cold Drinks & Juices,0.0944527736131934,Cold Drinks & Juices,0.4117647058823526,0.7666666666666515
T000330,2025-12-24,CUST029,P00852,0.0,0.4418604651162791,1,Dettol Detergent Powder,Cleaning & Laundry,0.8605697151424287,Cleaning & Laundry,0.2941176470588236,0.7666666666666515
T000331,2025-12-25,CUST029,P00701,0.3333333333333333,0.4418604651162791,1,Santoor Face Wash,Bath & Body,0.10344827586206898,Bath & Body,0.4117647058823526,0.7999999999999545
T000332,2025-12-25,CUST029,P00519,1.0,0.4418604651162791,1,Kurkure Bhujia,Snacks & Biscuits,0.26686656671664166,Snacks & Biscuits,0.6470588235294115,0.7999999999999545
T000333,2025-12-25,CUST029,P00074,0.3333333333333333,0.4418604651162791,1,Nescafe Herbal Tea,Tea & Coffee,0.6101949025487257,Tea & Coffee,0.3529411764705881,0.7999999999999545
T000334,2025-12-03,CUST029,P00909,0.0,0.4418604651162791,1,Closeup Toothbrush,Oral Care,0.16491754122938532,Oral Care,0.4117647058823526,0.06666666666660603
T000335,2025-12-31,CUST030,P00036,1.0,0.09302325581395343,1,Organic India Lady Finger,Fruits & Vegetables,0.10494752623688156,Fruits & Vegetables,0.3529411764705881,1.0
T000336,2025-12-31,CUST030,P00170,0.6666666666666667,0.09302325581395343,1,Mother Dairy Fresh Cream,Dairy & Eggs,0.1724137931034483,Dairy & Eggs,0.8235294117647054,1.0
T000337,2025-12-31,CUST030,P00829,0.3333333333333333,0.09302325581395343,1,Milton Cling Wrap,Kitchen Essentials,0.05997001499250374,Kitchen Essentials,0.9411764705882348,1.0
T000338,2025-12-29,CUST030,P00515,1.0,0.09302325581395343,1,Fortune Rice Bran Oil,Edible Oils & Ghee,0.25487256371814093,Edible Oils & Ghee,0.8235294117647054,0.9333333333332803
T000339,2025-12-22,CUST030,P00968,0.3333333333333333,0.09302325581395343,1,Paper Boat Iced Tea,Cold Drinks & Juices,0.16041979010494753,Cold Drinks & Juices,0.2941176470588236,0.6999999999999318
T000340,2025-12-22,CUST030,P00525,1.0,0.09302325581395343,1,Tide Detergent Liquid,Cleaning & Laundry,0.8125937031484257,Cleaning & Laundry,0.6470588235294115,0.6999999999999318
T000341,2025-12-22,CUST030,P00040,0.0,0.09302325581395343,1,Patanjali Moong Dal,"Atta, Rice & Dal",0.5622188905547226,"Atta, Rice & Dal",0.2941176470588236,0.6999999999999318
T000342,2025-12-22,CUST030,P00758,0.6666666666666667,0.09302325581395343,1,Country Delight Buttermilk,Dairy & Eggs,0.2983508245877061,Dairy & Eggs,0.17647058823529416,0.6999999999999318
T000343,2025-12-09,CUST030,P00231,0.6666666666666667,0.09302325581395343,1,B Natural Iced Tea,Cold Drinks & Juices,0.1199400299850075,Cold Drinks & Juices,0.0588235294117645,0.2666666666666515
T000344,2025-12-09,CUST030,P00216,0.3333333333333333,0.09302325581395343,1,Dodla Ghee,Dairy & Eggs,0.1004497751124438,Dairy & Eggs,0.9411764705882348,0.2666666666666515
T000345,2025-12-09,CUST030,P00252,1.0,0.09302325581395343,1,FreshBasket Onion,Fruits & Vegetables,0.026986506746626684,Fruits & Vegetables,0.529411764705882,0.2666666666666515
T000346,2025-12-09,CUST030,P00379,0.0,0.09302325581395343,1,Fortune Brown Rice,"Atta, Rice & Dal",0.6011994002998501,"Atta, Rice & Dal",0.8235294117647054,0.2666666666666515
T000347,2025-12-09,CUST030,P00366,0.3333333333333333,0.09302325581395343,1,Girnar Instant Coffee,Tea & Coffee,0.15592203898050974,Tea & Coffee,0.529411764705882,0.2666666666666515
T000348,2025-12-05,CUST030,P00902,0.3333333333333333,0.09302325581395343,1,Dodla Flavoured Milk,Dairy & Eggs,0.17091454272863568,Dairy & Eggs,0.3529411764705881,0.13333333333332575
T000349,2025-12-05,CUST030,P00171,0.3333333333333333,0.09302325581395343,1,Wagh Bakri Filter Coffee,Tea & Coffee,0.19640179910044978,Tea & Coffee,0.17647058823529416,0.13333333333332575
